الاسم,البريد الإلكتروني,الدولة,نوع النشاط,مصدر الرابط
Zonle Doors,catherine@zonledoors.com,الصين,مصنع أبواب صيني,https://www.zonledoors.com/
Akarat Al-Hadba,contact@akaratalhadba.com,مصر,موقع عقارات,https://akaratalhadba.com/
ABS Door,info@absdoor.com,تركيا,مصنع أبواب تركي,https://vallisco.com/security-doors-manufacturers-in-turkey/
Ermetsan,info@ermetsan.com.tr,تركيا,مصنع أبواب تركي,https://vallisco.com/security-doors-manufacturers-in-turkey/
Herkul Çelik Kapı,info@herkulcelikkapi.com.tr,تركيا,مصنع أبواب تركي,https://vallisco.com/security-doors-manufacturers-in-turkey/
Kale Kilit,info@kalekilit.com.tr,تركيا,شركة أقفال وأبواب,https://vallisco.com/security-doors-manufacturers-in-turkey/
Sur Çelik Kapı,info@surcelikkapi.com,تركيا,مصنع أبواب تركي,https://vallisco.com/security-doors-manufacturers-in-turkey/
Vallisco,kelly@vallisco.com,تركيا,شركة تسويق وتصدير,https://vallisco.com/security-doors-manufacturers-in-turkey/
Kontra Door,kontradoor@gmail.com,تركيا,مصنع أبواب تركي,https://kontradoor.com/
Fortis Doors,info@fortisdoorsusa.com,الولايات المتحدة,مصنع أبواب أمريكي,https://www.fortisdoorsusa.com/
Fortis Doors,orders@fortisdoorsusa.com,الولايات المتحدة,مصنع أبواب أمريكي,https://www.fortisdoorsusa.com/
Fortis Doors,quotes@fortisdoorsusa.com,الولايات المتحدة,مصنع أبواب أمريكي,https://www.fortisdoorsusa.com/
